ligand,affinity_kcal_per_mol,dock_rank,prob_active,cls_rank,pred_pIC50,reg_rank,consensus_score
uvarinol,-12.019,1.0,0.7033890854228398,6.0,5.781173933273672,20.0,5.800000000000001
isouvarinol,-10.91,5.0,0.7298375427572169,3.0,5.816206797130941,19.0,7.4
dichamanetin,-10.443,11.0,0.7068147042181785,5.0,5.75413564903247,26.0,12.8
caulindole,-10.39,13.0,0.4973154797446975,17.0,5.650130314397865,43.0,19.799999999999997
caulindole,-10.39,13.0,0.4973154797446975,17.0,5.650130314397865,43.0,19.799999999999997
caulindole,-10.39,13.0,0.4973154797446975,17.0,5.650130314397865,43.0,19.799999999999997
caulindole,-10.39,13.0,0.4973154797446975,17.0,5.650130314397865,43.0,19.799999999999997
caulindole,-10.39,13.0,0.456691150500462,25.0,5.650130314397865,43.0,21.4
caulindole,-10.39,13.0,0.456691150500462,25.0,5.650130314397865,43.0,21.4
caulindole,-10.39,13.0,0.456691150500462,25.0,5.650130314397865,43.0,21.4
caulindole,-10.39,13.0,0.456691150500462,25.0,5.650130314397865,43.0,21.4
ancistrotectorine,-10.013,20.0,0.4939402722205001,19.0,5.710255433839409,35.0,22.8
isochamanetin,-9.612,27.0,0.6705697237958667,7.0,5.752928412299499,28.0,23.2
ergosterol,-10.585,8.0,0.3958640694586782,52.0,5.6586416960932615,42.0,23.6
isoangoletin,-9.298,40.0,0.6144623789652871,8.0,6.330190029666428,4.0,26.400000000000002
11-methyoxylettowianthine,-9.926,23.0,0.5233645192974202,13.0,5.56731319365323,74.0,31.2
ancistrotanzanine,-9.333,38.0,0.5161475267106572,14.0,5.736018132511823,30.0,31.6
ergosta-7-en-3beta-ol,-10.104,19.0,0.452343261877302,27.0,5.518703958159564,79.0,32.6
ergosta-7-en-3beta-ol,-10.104,19.0,0.452343261877302,27.0,5.518703958159564,79.0,32.6
ergosta-7-en-3beta-ol,-10.104,19.0,0.452343261877302,27.0,5.518703958159564,79.0,32.6
ergosta-7-en-3beta-ol,-10.104,19.0,0.452343261877302,27.0,5.518703958159564,79.0,32.6
ancistrotanzanine,-9.333,38.0,0.5161475267106572,14.0,5.671704493204833,39.0,33.400000000000006
chamanetin,-9.092,53.0,0.7714740417081692,1.0,5.880609192450623,15.0,35.0
6-methoxydiphyllin,-9.33,39.0,0.4136523242215634,41.0,5.822537594923643,18.0,35.2
macarangin,-9.051,58.0,0.7196151429463036,4.0,6.569648114898013,1.0,35.8
myricetin-3-O-alpha-rhamnopyranoside,-9.371,36.0,0.4075241146375121,46.0,5.72175770956272,33.0,37.4
dimethyl,-9.941,22.0,0.3961414944356121,51.0,5.483686619193249,87.0,40.8
chamuvaritin,-10.899,6.0,0.4114791924186238,43.0,5.257711161069562,146.0,41.400000000000006
lupeol,-9.52,29.0,0.4397530414912712,31.0,5.449141738013934,90.0,41.599999999999994
ancistrotanzanine,-9.333,38.0,0.3735277406238191,65.0,5.736018132511823,30.0,41.8
lupeol,-9.52,29.0,0.4278015455071989,36.0,5.449141738013934,90.0,42.599999999999994
ancistrotanzanine,-9.333,38.0,0.3735277406238191,65.0,5.671704493204833,39.0,43.599999999999994
lettowianthine,-9.896,24.0,0.4107780534286306,44.0,5.393325758115805,102.0,43.6
ancistrotanzanine,-9.333,38.0,0.3477816778211247,77.0,5.736018132511823,30.0,44.2
ancistrotanzanine,-9.333,38.0,0.3477816778211247,77.0,5.671704493204833,39.0,46.0
acuminavone,-8.876,65.0,0.6132883796508761,9.0,5.68329751743833,36.0,48.0
stigmasterol,-9.248,46.0,0.2947716960390465,95.0,5.938695816230227,12.0,48.99999999999999
stigmasterol,-9.248,46.0,0.2947716960390465,95.0,5.829503180326356,16.0,49.8
ancistrotanzanine,-9.333,38.0,0.5161475267106572,14.0,5.3473634369379575,124.0,50.400000000000006
lupeol,-9.52,29.0,0.4397530414912712,31.0,5.261286073251637,140.0,51.599999999999994
lupeol,-9.52,29.0,0.4397530414912712,31.0,5.260024593391844,143.0,52.2
lupeol,-9.52,29.0,0.3258418699285411,86.0,5.449141738013934,90.0,52.599999999999994
lupeol,-9.52,29.0,0.4278015455071989,36.0,5.261286073251637,140.0,52.599999999999994
dihydrolanneaflavonol,-8.478,78.0,0.4626268316205768,24.0,6.2188879295378205,5.0,52.599999999999994
lupeol,-9.52,29.0,0.4278015455071989,36.0,5.260024593391844,143.0,53.2
lanneaflavonol,-8.477,79.0,0.4492452938337057,29.0,6.08168659536038,6.0,54.400000000000006
stigmasterol,-9.248,46.0,0.2276247394023627,130.0,5.938695816230227,12.0,55.99999999999999
tetrahydrojusticidin,-9.285,42.0,0.3924655866645755,55.0,5.411500694197082,100.0,56.2
ancistrobertsonine,-8.387,85.0,0.4857750849498683,20.0,5.953245159368858,8.0,56.6
stigmasterol,-9.248,46.0,0.2276247394023627,130.0,5.829503180326356,16.0,56.8
ancistrobertsonine,-8.387,85.0,0.4782639890109206,21.0,5.953245159368858,8.0,56.800000000000004
ancistrobertsonine,-8.387,85.0,0.4755381709375617,22.0,5.953245159368858,8.0,57.0
dimethyl,-9.941,22.0,0.1677517357223251,142.0,5.483686619193249,87.0,59.0
lawinal,-8.14,97.0,0.7463733088561822,2.0,6.3482842796419785,3.0,59.199999999999996
cleistenonal,-9.293,41.0,0.3282729575395799,85.0,5.465271785311436,89.0,59.39999999999999
ancistrobertsonine,-8.387,85.0,0.4857750849498683,20.0,5.773773227584578,22.0,59.4
caulindole,-10.39,13.0,0.4973154797446975,17.0,5.199277696837672,241.0,59.400000000000006
caulindole,-10.39,13.0,0.4973154797446975,17.0,5.199277696837672,241.0,59.400000000000006
caulindole,-10.39,13.0,0.4973154797446975,17.0,5.199277696837672,241.0,59.400000000000006
caulindole,-10.39,13.0,0.4973154797446975,17.0,5.199277696837672,241.0,59.400000000000006
ancistrobertsonine,-8.387,85.0,0.4782639890109206,21.0,5.773773227584578,22.0,59.6
ancistrobertsonine,-8.387,85.0,0.4755381709375617,22.0,5.773773227584578,22.0,59.8
ancistrocladidine,-9.375,35.0,0.3668053832379048,72.0,5.35205389475599,123.0,60.0
ancistrotanzanine,-9.333,38.0,0.3735277406238191,65.0,5.3473634369379575,124.0,60.599999999999994
caulindole,-10.39,13.0,0.456691150500462,25.0,5.199277696837672,241.0,61.0
caulindole,-10.39,13.0,0.456691150500462,25.0,5.199277696837672,241.0,61.0
caulindole,-10.39,13.0,0.456691150500462,25.0,5.199277696837672,241.0,61.0
caulindole,-10.39,13.0,0.456691150500462,25.0,5.199277696837672,241.0,61.0
6-O-methylancistrocladinine,-9.45,33.0,0.39155805239603,56.0,5.2428146810422245,156.0,62.2
lupeol,-9.52,29.0,0.3258418699285411,86.0,5.261286073251637,140.0,62.599999999999994
ancistrotanzanine,-9.333,38.0,0.3477816778211247,77.0,5.3473634369379575,124.0,63.0
lupeol,-9.52,29.0,0.3258418699285411,86.0,5.260024593391844,143.0,63.199999999999996
ancistrobertsonine,-8.387,85.0,0.394269100366625,53.0,5.953245159368858,8.0,63.2
phyllamyricin,-9.01,59.0,0.4058287754090226,48.0,5.446414312351175,93.0,63.6
dimethyl,-9.941,22.0,0.3961414944356121,51.0,5.2104153393443005,212.0,65.80000000000001
ancistrobertsonine,-8.387,85.0,0.394269100366625,53.0,5.773773227584578,22.0,66.0
N-formyl-7-hydroxyglaucine,-8.375,86.0,0.4265756749591382,37.0,5.677806490171463,38.0,66.6
ancistrobrevine,-9.267,44.0,0.3430553894909025,80.0,5.294057064835857,131.0,68.6
ancistrocladisine,-9.269,43.0,0.4134574759941214,42.0,5.22851587971782,175.0,69.2
ancistrobertsonine,-8.387,85.0,0.4857750849498683,20.0,5.564722763772112,75.0,70.0
ancistrobertsonine,-8.387,85.0,0.4782639890109206,21.0,5.564722763772112,75.0,70.2
ancistrobertsonine,-8.387,85.0,0.4755381709375617,22.0,5.564722763772112,75.0,70.4
triuvaretin,-10.342,14.0,0.4391290475648262,32.0,5.104088993450104,281.0,71.0
myricetin-3-O-alpha-arabinofuranoside,-8.74,73.0,0.4154303299496674,39.0,5.417360974401171,98.0,71.19999999999999
laudanine,-8.12,99.0,0.4626965398255694,23.0,5.678303919337504,37.0,71.4
demethoxymatteucinol,-8.133,98.0,0.5901219664124261,10.0,5.587118747143379,55.0,71.8
diphyllin,-9.19,47.0,0.3038156404142404,93.0,5.321480545647539,128.0,72.4
puguenolide,-8.434,81.0,0.3698166266875208,68.0,5.637027939414042,51.0,72.4
isotriuvaretin,-10.253,17.0,0.4391290475648262,32.0,5.104088993450104,281.0,72.80000000000001
6-hydroxyjusticidin,-8.466,80.0,0.4307846853364417,34.0,5.416460156577484,99.0,74.6
catechin,-7.79,116.0,0.5549554599142374,12.0,5.9117029238445085,14.0,74.8
3-geranylindole,-8.16,96.0,0.3834772186609931,59.0,5.739049454394563,29.0,75.19999999999999
ancistrobertsonine,-8.387,85.0,0.394269100366625,53.0,5.564722763772112,75.0,76.6
ancistrotectoriline,-8.746,72.0,0.3071752018692059,92.0,5.502379561846523,83.0,78.19999999999999
liriodenine,-8.931,64.0,0.3885672157263677,57.0,5.24828815859537,147.0,79.2
ancistrobertsonine,-8.387,85.0,0.4857750849498683,20.0,5.281998274688725,132.0,81.4
ancistrobertsonine,-8.387,85.0,0.4782639890109206,21.0,5.281998274688725,132.0,81.60000000000001
ancistrobertsonine,-8.387,85.0,0.4755381709375617,22.0,5.281998274688725,132.0,81.8
methylancistrobertsonine,-8.684,76.0,0.394269100366625,53.0,5.281998274688725,132.0,82.60000000000001
dimethyl,-9.941,22.0,0.1677517357223251,142.0,5.2104153393443005,212.0,84.0
ancistrobertsonine,-8.387,85.0,0.394269100366625,53.0,5.281998274688725,132.0,88.0
tetramethylscutellarein,-8.098,102.0,0.5628372584048569,11.0,5.321404198830721,129.0,89.2
epimonanthadiepoxide,-9.156,49.0,0.3630470059424044,74.0,5.198458509513684,249.0,94.0
ancistrocladine,-8.955,62.0,0.4028154330210319,49.0,5.203450381227898,240.0,95.0
epimonanthadiepoxide,-9.156,49.0,0.3305470059424044,84.0,5.198458509513684,249.0,96.0
sitosterol,-10.503,9.0,0.2125,136.0,5.006742109662722,322.0,97.0
aromadendrene,-7.213,149.0,0.5054901499486166,15.0,5.753492635934239,27.0,97.8
cleistodienol,-8.08,105.0,0.3399070559443322,81.0,5.441585496816109,94.0,98.0
toussaintine,-8.35,88.0,0.3444799337408433,79.0,5.244781991335867,148.0,98.19999999999999
diuvaretin,-9.123,52.0,0.3818228292770145,60.0,5.098627896875615,283.0,99.80000000000001
Z-toussaintine,-8.417,82.0,0.2638837307001944,112.0,5.244781991335867,148.0,101.19999999999999
toussaintine,-8.35,88.0,0.2930912618221961,96.0,5.244781991335867,148.0,101.6
toussaintine,-8.35,88.0,0.2910933697067344,97.0,5.244781991335867,148.0,101.80000000000001
toussaintine,-8.35,88.0,0.3444799337408433,79.0,5.228123103030822,176.0,103.8
toussaintine,-8.35,88.0,0.3444799337408433,79.0,5.228123103030822,176.0,103.8
cleistodienol,-8.08,105.0,0.2732392735180274,110.0,5.441585496816109,94.0,103.8
toussaintine,-8.35,88.0,0.2638837307001944,112.0,5.244781991335867,148.0,104.80000000000001
gurjunene,-7.268,145.0,0.4161924076310594,38.0,5.615518970216185,52.0,105.0
karatavin,-7.127,152.0,0.3752662897532814,64.0,5.989221153677431,7.0,105.4
spathulenol,-7.19,150.0,0.4103595921068711,45.0,5.716393714096718,34.0,105.8
isocaryophyllene,-7.569,128.0,0.3758036379524681,62.0,5.497976037949634,84.0,106.0
toussaintine,-8.35,88.0,0.2461394314703129,120.0,5.244781991335867,148.0,106.4
cleistodienol,-8.08,105.0,0.3399070559443322,81.0,5.2708677166788105,137.0,106.60000000000001
toussaintine,-8.35,88.0,0.2930912618221961,96.0,5.228123103030822,176.0,107.2
toussaintine,-8.35,88.0,0.2930912618221961,96.0,5.228123103030822,176.0,107.2
toussaintine,-8.35,88.0,0.2910933697067344,97.0,5.228123103030822,176.0,107.4
toussaintine,-8.35,88.0,0.2910933697067344,97.0,5.228123103030822,176.0,107.4
toussaintine,-8.35,88.0,0.232201727045918,126.0,5.244781991335867,148.0,107.6
toussaintine,-8.35,88.0,0.232201727045918,126.0,5.244781991335867,148.0,107.6
epimonanthadiepoxide,-9.156,49.0,0.3630470059424044,74.0,4.996207599949191,324.0,109.0
toussaintine,-8.35,88.0,0.2638837307001944,112.0,5.228123103030822,176.0,110.4
toussaintine,-8.35,88.0,0.2638837307001944,112.0,5.228123103030822,176.0,110.4
epimonanthadiepoxide,-9.156,49.0,0.3305470059424044,84.0,4.996207599949191,324.0,111.0
uvaretin,-8.798,68.0,0.3725628711435949,66.0,5.070672230720216,286.0,111.2
toussaintine,-8.35,88.0,0.2461394314703129,120.0,5.228123103030822,176.0,112.0
toussaintine,-8.35,88.0,0.2461394314703129,120.0,5.228123103030822,176.0,112.0
cleistodiendiol,-7.519,130.0,0.3692789573435673,69.0,5.399132037725332,101.0,112.0
cleistodienol,-8.08,105.0,0.2732392735180274,110.0,5.2708677166788105,137.0,112.4
caryophyllene,-7.111,153.0,0.3967899285358152,50.0,5.600718066169337,53.0,112.4
toussaintine,-8.35,88.0,0.232201727045918,126.0,5.228123103030822,176.0,113.2
toussaintine,-8.35,88.0,0.232201727045918,126.0,5.228123103030822,176.0,113.2
toussaintine,-8.35,88.0,0.232201727045918,126.0,5.228123103030822,176.0,113.2
toussaintine,-8.35,88.0,0.232201727045918,126.0,5.228123103030822,176.0,113.2
caryophyllene,-7.111,153.0,0.3758036379524681,62.0,5.600718066169337,53.0,114.80000000000001
uvaretin,-8.798,68.0,0.321173590406604,88.0,5.070672230720216,286.0,115.6
uvaretin,-8.798,68.0,0.3725628711435949,66.0,5.01051286452561,320.0,118.0
caryophyllene,-7.111,153.0,0.3967899285358152,50.0,5.497976037949634,84.0,118.6
methyl,-6.426,174.0,0.5038741652743562,16.0,5.578149785909735,56.0,118.8
monathadiepoxide,-8.728,74.0,0.3375,83.0,5.032750549740076,293.0,119.6
caryophyllene,-7.111,153.0,0.3758036379524681,62.0,5.497976037949634,84.0,121.0
N-methoxy-5-oxoaporphinoid,-9.081,54.0,0.2475,119.0,4.978180123498665,326.0,121.4
uvaretin,-8.798,68.0,0.321173590406604,88.0,5.01051286452561,320.0,122.4
toussaintine,-8.35,88.0,0.3444799337408433,79.0,5.133212374940962,274.0,123.4
cadalene,-7.421,137.0,0.322355940441357,87.0,5.296123590545205,130.0,125.60000000000001
schweinfurthin,-7.968,110.0,0.442302396054961,30.0,5.1505004610461,269.0,125.80000000000001
schweinfurthin,-7.968,110.0,0.442302396054961,30.0,5.136278890920392,272.0,126.4
toussaintine,-8.35,88.0,0.2930912618221961,96.0,5.133212374940962,274.0,126.80000000000001
schweinfurthin,-7.968,110.0,0.4284246646084391,35.0,5.1505004610461,269.0,126.80000000000001
toussaintine,-8.35,88.0,0.2910933697067344,97.0,5.133212374940962,274.0,127.0
toussaintine,-8.35,88.0,0.3444799337408433,79.0,5.02790952317619,294.0,127.4
schweinfurthin,-7.968,110.0,0.4284246646084391,35.0,5.136278890920392,272.0,127.4
methyl,-6.426,174.0,0.3764485945211553,61.0,5.578149785909735,56.0,127.8
lutein,-4.673,199.0,0.4136620709956892,40.0,6.450897184724619,2.0,127.8
3-vinyl-3-methyl-2-isopropenyl-6-isopropyl-cyclohexanone,-6.841,164.0,0.4058654171687194,47.0,5.382632477580969,103.0,128.4
methyl,-6.426,174.0,0.5038741652743562,16.0,5.382600598785914,104.0,128.4
toussaintine,-8.35,88.0,0.2638837307001944,112.0,5.133212374940962,274.0,130.0
methyl,-6.426,174.0,0.3664578813636479,73.0,5.578149785909735,56.0,130.2
polycarpol,-9.078,55.0,0.3386735863211767,82.0,4.868135655543721,405.0,130.4
methyl,-6.426,174.0,0.3598775645475476,75.0,5.578149785909735,56.0,130.6
toussaintine,-8.35,88.0,0.2930912618221961,96.0,5.02790952317619,294.0,130.8
toussaintine,-8.35,88.0,0.2910933697067344,97.0,5.02790952317619,294.0,131.0
methyl,-6.426,174.0,0.3469478209766328,78.0,5.578149785909735,56.0,131.2
toussaintine,-8.35,88.0,0.2461394314703129,120.0,5.133212374940962,274.0,131.6
ancistroquinone,-6.933,159.0,0.3178593885843369,89.0,5.428103840262335,97.0,132.6
toussaintine,-8.35,88.0,0.232201727045918,126.0,5.133212374940962,274.0,132.8
toussaintine,-8.35,88.0,0.232201727045918,126.0,5.133212374940962,274.0,132.8
toussaintine,-8.35,88.0,0.3444799337408433,79.0,4.963275472175609,327.0,134.0
toussaintine,-8.35,88.0,0.2638837307001944,112.0,5.02790952317619,294.0,134.0
intermedeol,-6.796,166.0,0.3541059802724616,76.0,5.4403409644639416,96.0,134.0
1H-indole-5-carbaldehyde,-5.909,185.0,0.2895786708429415,98.0,5.7790238118882815,21.0,134.79999999999998
toussaintine,-8.35,88.0,0.3444799337408433,79.0,4.924057271848384,334.0,135.39999999999998
toussaintine,-8.35,88.0,0.2461394314703129,120.0,5.02790952317619,294.0,135.6
droserone,-6.846,163.0,0.3707015864812117,67.0,5.3602391113683,122.0,135.6
methyl,-6.426,174.0,0.2802349247737692,102.0,5.578149785909735,56.0,136.0
toussaintine,-8.35,88.0,0.232201727045918,126.0,5.02790952317619,294.0,136.8
toussaintine,-8.35,88.0,0.232201727045918,126.0,5.02790952317619,294.0,136.8
methyl,-6.426,174.0,0.2746539649724242,109.0,5.578149785909735,56.0,137.39999999999998
toussaintine,-8.35,88.0,0.2930912618221961,96.0,4.963275472175609,327.0,137.4
methyl,-6.426,174.0,0.3764485945211553,61.0,5.382600598785914,104.0,137.4
toussaintine,-8.35,88.0,0.2910933697067344,97.0,4.963275472175609,327.0,137.60000000000002
methyl,-6.426,174.0,0.2594819874818359,115.0,5.578149785909735,56.0,138.6
toussaintine,-8.35,88.0,0.2930912618221961,96.0,4.924057271848384,334.0,138.8
toussaintine,-8.35,88.0,0.2910933697067344,97.0,4.924057271848384,334.0,139.0
methyl,-6.426,174.0,0.5038741652743562,16.0,5.231886042026357,157.0,139.0
methyl,-6.426,174.0,0.2496172793210616,118.0,5.578149785909735,56.0,139.2
6-pentadecylsalicylic,-6.749,167.0,0.3687662338379748,70.0,5.341049964133005,127.0,139.6
methyl,-6.426,174.0,0.3664578813636479,73.0,5.382600598785914,104.0,139.8
methyl,-6.426,174.0,0.3598775645475476,75.0,5.382600598785914,104.0,140.2
methyl,-6.426,174.0,0.2366568610328379,124.0,5.578149785909735,56.0,140.39999999999998
toussaintine,-8.35,88.0,0.2638837307001944,112.0,4.963275472175609,327.0,140.60000000000002
desmosdomutin,-8.092,103.0,0.2723365944624731,111.0,5.0981445836689465,284.0,140.8
methyl,-6.426,174.0,0.3469478209766328,78.0,5.382600598785914,104.0,140.8
methyl,-6.426,174.0,0.2321604123269207,128.0,5.578149785909735,56.0,141.2
methyl,-6.426,174.0,0.2224254165169508,131.0,5.578149785909735,56.0,141.79999999999998
toussaintine,-8.35,88.0,0.2638837307001944,112.0,4.924057271848384,334.0,142.0
toussaintine,-8.35,88.0,0.2461394314703129,120.0,4.963275472175609,327.0,142.2
toussaintine,-8.35,88.0,0.232201727045918,126.0,4.963275472175609,327.0,143.4
toussaintine,-8.35,88.0,0.232201727045918,126.0,4.963275472175609,327.0,143.4
methyl,-6.426,174.0,0.1793104127417383,140.0,5.578149785909735,56.0,143.59999999999997
toussaintine,-8.35,88.0,0.2461394314703129,120.0,4.924057271848384,334.0,143.6
methyl,-6.426,174.0,0.1692442282387059,141.0,5.578149785909735,56.0,143.79999999999998
methyl,-6.426,174.0,0.1618196748943582,143.0,5.578149785909735,56.0,144.2
methyl,-6.426,174.0,0.1372444069390304,146.0,5.578149785909735,56.0,144.79999999999998
toussaintine,-8.35,88.0,0.232201727045918,126.0,4.924057271848384,334.0,144.8
toussaintine,-8.35,88.0,0.232201727045918,126.0,4.924057271848384,334.0,144.8
methyl,-6.426,174.0,0.11,150.0,5.578149785909735,56.0,145.59999999999997
methyl,-6.426,174.0,0.2802349247737692,102.0,5.382600598785914,104.0,145.6
methyl,-6.426,174.0,0.0685072674267114,152.0,5.578149785909735,56.0,145.99999999999997
methyl,-6.426,174.0,0.5038741652743562,16.0,5.222154471536609,194.0,146.4
methyl,-6.426,174.0,0.2746539649724242,109.0,5.382600598785914,104.0,147.0
cleistenediol,-7.375,141.0,0.28,103.0,5.20749534879517,214.0,148.0
methyl,-6.426,174.0,0.3764485945211553,61.0,5.231886042026357,157.0,148.0
cleistenediol,-7.375,141.0,0.2784810001396965,104.0,5.20749534879517,214.0,148.2
methyl,-6.426,174.0,0.2594819874818359,115.0,5.382600598785914,104.0,148.2
methyl,-6.426,174.0,0.2496172793210616,118.0,5.382600598785914,104.0,148.8
methyl,-6.426,174.0,0.2366568610328379,124.0,5.382600598785914,104.0,150.0
methyl,-6.426,174.0,0.3664578813636479,73.0,5.231886042026357,157.0,150.4
methyl,-6.426,174.0,0.3598775645475476,75.0,5.231886042026357,157.0,150.79999999999998
methyl,-6.426,174.0,0.2321604123269207,128.0,5.382600598785914,104.0,150.8
methyl,-6.426,174.0,0.2224254165169508,131.0,5.382600598785914,104.0,151.4
methyl,-6.426,174.0,0.3469478209766328,78.0,5.231886042026357,157.0,151.4
methyl,-6.426,174.0,0.5038741652743562,16.0,5.20607984934656,221.0,151.8
cleistenediol,-7.375,141.0,0.2359810001396964,125.0,5.20749534879517,214.0,152.4
methyl,-6.426,174.0,0.1793104127417383,140.0,5.382600598785914,104.0,153.2
methyl,-6.426,174.0,0.1692442282387059,141.0,5.382600598785914,104.0,153.4
cleistenediol,-7.375,141.0,0.2209810001396964,132.0,5.20749534879517,214.0,153.8
methyl,-6.426,174.0,0.1618196748943582,143.0,5.382600598785914,104.0,153.8
cleistenediol,-7.375,141.0,0.22,133.0,5.20749534879517,214.0,154.0
cleistenediol,-7.375,141.0,0.2159810001396964,134.0,5.20749534879517,214.0,154.2
methyl,-6.426,174.0,0.1372444069390304,146.0,5.382600598785914,104.0,154.4
diphenylpentanoid,-7.675,124.0,0.2522679112111262,117.0,5.096594108702331,285.0,154.8
methyl,-6.426,174.0,0.11,150.0,5.382600598785914,104.0,155.2
methyl,-6.426,174.0,0.3764485945211553,61.0,5.222154471536609,194.0,155.4
methyl,-6.426,174.0,0.0685072674267114,152.0,5.382600598785914,104.0,155.6
methyl,-6.426,174.0,0.2802349247737692,102.0,5.231886042026357,157.0,156.2
sootepenol,-7.939,113.0,0.2784810001396965,104.0,4.907336712167889,341.0,156.8
methyl,-6.426,174.0,0.2746539649724242,109.0,5.231886042026357,157.0,157.6
methyl,-6.426,174.0,0.3664578813636479,73.0,5.222154471536609,194.0,157.8
methyl,-6.426,174.0,0.5038741652743562,16.0,5.155880740791696,251.0,157.8
benzyl,-6.736,169.0,0.3012300785221701,94.0,5.22431936764999,190.0,158.2
methyl,-6.426,174.0,0.3598775645475476,75.0,5.222154471536609,194.0,158.2
methyl,-6.426,174.0,0.2594819874818359,115.0,5.231886042026357,157.0,158.79999999999998
methyl,-6.426,174.0,0.3469478209766328,78.0,5.222154471536609,194.0,158.8
methyl,-6.426,174.0,0.2496172793210616,118.0,5.231886042026357,157.0,159.4
methyl,-6.426,174.0,0.2366568610328379,124.0,5.231886042026357,157.0,160.6
methyl,-6.426,174.0,0.3764485945211553,61.0,5.20607984934656,221.0,160.8
methyl,-6.426,174.0,0.2321604123269207,128.0,5.231886042026357,157.0,161.4
methyl,-6.426,174.0,0.2224254165169508,131.0,5.231886042026357,157.0,162.0
methyl,-6.426,174.0,0.3664578813636479,73.0,5.20607984934656,221.0,163.2
methyl,-6.426,174.0,0.3598775645475476,75.0,5.20607984934656,221.0,163.6
methyl,-6.426,174.0,0.2802349247737692,102.0,5.222154471536609,194.0,163.6
methyl,-6.426,174.0,0.1793104127417383,140.0,5.231886042026357,157.0,163.79999999999998
methyl,-6.426,174.0,0.1692442282387059,141.0,5.231886042026357,157.0,164.0
methyl,-6.426,174.0,0.3469478209766328,78.0,5.20607984934656,221.0,164.2
methyl,-6.426,174.0,0.1618196748943582,143.0,5.231886042026357,157.0,164.4
methyl,-6.426,174.0,0.2746539649724242,109.0,5.222154471536609,194.0,165.0
methyl,-6.426,174.0,0.1372444069390304,146.0,5.231886042026357,157.0,165.0
methyl,-6.426,174.0,0.11,150.0,5.231886042026357,157.0,165.79999999999998
methyl,-6.426,174.0,0.2594819874818359,115.0,5.222154471536609,194.0,166.2
methyl,-6.426,174.0,0.0685072674267114,152.0,5.231886042026357,157.0,166.2
benzyl,-6.736,169.0,0.2153869113840581,135.0,5.22431936764999,190.0,166.39999999999998
methyl,-6.426,174.0,0.3764485945211553,61.0,5.155880740791696,251.0,166.8
methyl,-6.426,174.0,0.2496172793210616,118.0,5.222154471536609,194.0,166.8
ent-subglain,-8.051,108.0,0.2284810001396964,129.0,4.8852413830007775,382.0,167.0
methyl,-6.426,174.0,0.2366568610328379,124.0,5.222154471536609,194.0,168.0
methyl,-6.426,174.0,0.5038741652743562,16.0,5.0117335645993855,302.0,168.0
benzyl,-6.736,169.0,0.1553869113840581,144.0,5.22431936764999,190.0,168.2
methyl,-6.426,174.0,0.2321604123269207,128.0,5.222154471536609,194.0,168.8
methyl,-6.426,174.0,0.2802349247737692,102.0,5.20607984934656,221.0,169.0
methyl,-6.426,174.0,0.3664578813636479,73.0,5.155880740791696,251.0,169.2
methyl,-6.426,174.0,0.2224254165169508,131.0,5.222154471536609,194.0,169.4
benzyl,-6.736,169.0,0.0960279338617658,151.0,5.22431936764999,190.0,169.6
methyl,-6.426,174.0,0.3598775645475476,75.0,5.155880740791696,251.0,169.6
methyl,-6.426,174.0,0.3469478209766328,78.0,5.155880740791696,251.0,170.2
methyl,-6.426,174.0,0.2746539649724242,109.0,5.20607984934656,221.0,170.39999999999998
methyl,-6.426,174.0,0.1793104127417383,140.0,5.222154471536609,194.0,171.2
methyl,-6.426,174.0,0.1692442282387059,141.0,5.222154471536609,194.0,171.4
methyl,-6.426,174.0,0.2594819874818359,115.0,5.20607984934656,221.0,171.6
methyl,-6.426,174.0,0.1618196748943582,143.0,5.222154471536609,194.0,171.8
artapetalin,-6.907,160.0,0.3837352812848181,58.0,4.998026759663524,323.0,172.2
methyl,-6.426,174.0,0.2496172793210616,118.0,5.20607984934656,221.0,172.2
methyl,-6.426,174.0,0.1372444069390304,146.0,5.222154471536609,194.0,172.4
methyl,-6.426,174.0,0.11,150.0,5.222154471536609,194.0,173.2
methyl,-6.426,174.0,0.2366568610328379,124.0,5.20607984934656,221.0,173.39999999999998
methyl,-6.426,174.0,0.0685072674267114,152.0,5.222154471536609,194.0,173.6
eicosane,-5.181,195.0,0.1487662338379748,145.0,5.269898714568833,139.0,173.8
methyl,-6.426,174.0,0.2321604123269207,128.0,5.20607984934656,221.0,174.2
methyl,-6.426,174.0,0.2224254165169508,131.0,5.20607984934656,221.0,174.8
methyl,-6.426,174.0,0.2802349247737692,102.0,5.155880740791696,251.0,175.0
methyl,-6.426,174.0,0.2746539649724242,109.0,5.155880740791696,251.0,176.39999999999998
espintanol,-5.893,187.0,0.2858061718505298,101.0,5.206386773801056,220.0,176.4
methyl,-6.426,174.0,0.1793104127417383,140.0,5.20607984934656,221.0,176.59999999999997
methyl,-6.426,174.0,0.1692442282387059,141.0,5.20607984934656,221.0,176.8
methyl,-6.426,174.0,0.5038741652743562,16.0,4.900743427494283,346.0,176.8
methyl,-6.426,174.0,0.3764485945211553,61.0,5.0117335645993855,302.0,177.0
methyl,-6.426,174.0,0.1618196748943582,143.0,5.20607984934656,221.0,177.2
methyl,-6.426,174.0,0.2594819874818359,115.0,5.155880740791696,251.0,177.6
benzyl,-6.736,169.0,0.3012300785221701,94.0,5.062796557781491,288.0,177.79999999999998
rolliniastatin-1,-8.713,75.0,0.2746941380780338,108.0,4.695683785085766,556.0,177.8
methyl,-6.426,174.0,0.1372444069390304,146.0,5.20607984934656,221.0,177.8
methyl,-6.426,174.0,0.2496172793210616,118.0,5.155880740791696,251.0,178.2
methyl,-6.426,174.0,0.11,150.0,5.20607984934656,221.0,178.59999999999997
methyl,-6.426,174.0,0.0685072674267114,152.0,5.20607984934656,221.0,179.0
methyl,-6.426,174.0,0.2366568610328379,124.0,5.155880740791696,251.0,179.39999999999998
methyl,-6.426,174.0,0.3664578813636479,73.0,5.0117335645993855,302.0,179.4
methyl,-6.426,174.0,0.3598775645475476,75.0,5.0117335645993855,302.0,179.8
methyl,-6.426,174.0,0.2321604123269207,128.0,5.155880740791696,251.0,180.2
methyl,-6.426,174.0,0.5038741652743562,16.0,4.896325249645065,364.0,180.39999999999998
methyl,-6.426,174.0,0.3469478209766328,78.0,5.0117335645993855,302.0,180.4
methyl,-6.426,174.0,0.2224254165169508,131.0,5.155880740791696,251.0,180.8
santalol,-6.291,179.0,0.3682635825558163,71.0,5.018937770159707,301.0,181.8
dieporeticenin,-7.449,134.0,0.3107056084393236,90.0,4.816929539496482,420.0,182.39999999999998
methyl,-6.426,174.0,0.1793104127417383,140.0,5.155880740791696,251.0,182.59999999999997
methyl,-6.426,174.0,0.1692442282387059,141.0,5.155880740791696,251.0,182.8
methyl,-6.426,174.0,0.1618196748943582,143.0,5.155880740791696,251.0,183.2
methyl,-6.426,174.0,0.1372444069390304,146.0,5.155880740791696,251.0,183.8
methyl,-6.426,174.0,0.11,150.0,5.155880740791696,251.0,184.59999999999997
methyl,-6.426,174.0,0.5038741652743562,16.0,4.873699731338283,387.0,185.0
methyl,-6.426,174.0,0.0685072674267114,152.0,5.155880740791696,251.0,185.0
methyl,-6.426,174.0,0.2802349247737692,102.0,5.0117335645993855,302.0,185.2
Z-melodorinol,-7.39,139.0,0.288055254847296,99.0,4.8221847510138165,413.0,185.8
methyl,-6.426,174.0,0.3764485945211553,61.0,4.900743427494283,346.0,185.8
benzyl,-6.736,169.0,0.2153869113840581,135.0,5.062796557781491,288.0,185.99999999999997
cleistenediol,-7.375,141.0,0.28,103.0,4.833894024645681,407.0,186.6
methyl,-6.426,174.0,0.2746539649724242,109.0,5.0117335645993855,302.0,186.6
cleistanolate,-7.717,120.0,0.3077376224516812,91.0,4.756001181755089,483.0,186.8
cleistenediol,-7.375,141.0,0.2784810001396965,104.0,4.833894024645681,407.0,186.8
Z-acetylmelodorinol,-7.621,126.0,0.2603805813186074,114.0,4.798981060665502,443.0,187.0
cleistenechlorohydrin,-7.512,131.0,0.2764881218952788,106.0,4.800079240161354,439.0,187.60000000000002
cleistenechlorohydrin,-7.512,131.0,0.2764881218952788,106.0,4.800079240161354,439.0,187.60000000000002
cleistenechlorohydrin,-7.512,131.0,0.2764881218952788,106.0,4.800079240161354,439.0,187.60000000000002
cleistenechlorohydrin,-7.512,131.0,0.2764881218952788,106.0,4.800079240161354,439.0,187.60000000000002
benzyl,-6.736,169.0,0.1553869113840581,144.0,5.062796557781491,288.0,187.79999999999998
methyl,-6.426,174.0,0.2594819874818359,115.0,5.0117335645993855,302.0,187.8
cleistenediol,-7.375,141.0,0.28,103.0,4.817467344657955,414.0,188.0
cleistenediol,-7.375,141.0,0.2784810001396965,104.0,4.817467344657955,414.0,188.2
methyl,-6.426,174.0,0.3664578813636479,73.0,4.900743427494283,346.0,188.2
ophrypetalin,-8.163,95.0,0.2867601438807417,100.0,4.675231884219505,557.0,188.4
methyl,-6.426,174.0,0.2496172793210616,118.0,5.0117335645993855,302.0,188.4
benzyl,-6.736,169.0,0.3012300785221701,94.0,4.9058871543952725,342.0,188.6
methyl,-6.426,174.0,0.3598775645475476,75.0,4.900743427494283,346.0,188.6
benzyl,-6.736,169.0,0.0960279338617658,151.0,5.062796557781491,288.0,189.2
methyl,-6.426,174.0,0.3469478209766328,78.0,4.900743427494283,346.0,189.2
methyl,-6.426,174.0,0.3764485945211553,61.0,4.896325249645065,364.0,189.39999999999998
methyl,-6.426,174.0,0.2366568610328379,124.0,5.0117335645993855,302.0,189.6
methyl,-6.426,174.0,0.2321604123269207,128.0,5.0117335645993855,302.0,190.4
cleistenediol,-7.375,141.0,0.2359810001396964,125.0,4.833894024645681,407.0,191.0
methyl,-6.426,174.0,0.2224254165169508,131.0,5.0117335645993855,302.0,191.0
methyl,-6.426,174.0,0.3664578813636479,73.0,4.896325249645065,364.0,191.8
methyl,-6.426,174.0,0.5038741652743562,16.0,4.803154111881941,421.0,191.8
methyl,-6.426,174.0,0.3598775645475476,75.0,4.896325249645065,364.0,192.2
cleistenediol,-7.375,141.0,0.2359810001396964,125.0,4.817467344657955,414.0,192.4
cleistenediol,-7.375,141.0,0.2209810001396964,132.0,4.833894024645681,407.0,192.4
cleistenediol,-7.375,141.0,0.22,133.0,4.833894024645681,407.0,192.6
methyl,-6.426,174.0,0.1793104127417383,140.0,5.0117335645993855,302.0,192.79999999999998
cleistenediol,-7.375,141.0,0.2159810001396964,134.0,4.833894024645681,407.0,192.8
methyl,-6.426,174.0,0.3469478209766328,78.0,4.896325249645065,364.0,192.8
methyl,-6.426,174.0,0.1692442282387059,141.0,5.0117335645993855,302.0,193.0
methyl,-6.426,174.0,0.1618196748943582,143.0,5.0117335645993855,302.0,193.4
cleistenediol,-7.375,141.0,0.2209810001396964,132.0,4.817467344657955,414.0,193.8
cleistenediol,-7.375,141.0,0.22,133.0,4.817467344657955,414.0,194.0
cleistenediol,-7.375,141.0,0.28,103.0,4.788836262689561,444.0,194.0
methyl,-6.426,174.0,0.3764485945211553,61.0,4.873699731338283,387.0,194.0
methyl,-6.426,174.0,0.2802349247737692,102.0,4.900743427494283,346.0,194.0
methyl,-6.426,174.0,0.1372444069390304,146.0,5.0117335645993855,302.0,194.0
cleistenediol,-7.375,141.0,0.2159810001396964,134.0,4.817467344657955,414.0,194.2
cleistenediol,-7.375,141.0,0.2784810001396965,104.0,4.788836262689561,444.0,194.2
artabotriol,-4.843,198.0,0.2023861388018567,138.0,5.2059683608109095,239.0,194.20000000000002
methyl,-6.426,174.0,0.11,150.0,5.0117335645993855,302.0,194.79999999999998
cleistenediol,-7.375,141.0,0.28,103.0,4.7733258383286525,450.0,195.2
methyl,-6.426,174.0,0.0685072674267114,152.0,5.0117335645993855,302.0,195.2
cleistenediol,-7.375,141.0,0.2784810001396965,104.0,4.7733258383286525,450.0,195.39999999999998
methyl,-6.426,174.0,0.2746539649724242,109.0,4.900743427494283,346.0,195.39999999999998
cleistenediol,-7.375,141.0,0.28,103.0,4.766389269461679,456.0,196.39999999999998
methyl,-6.426,174.0,0.3664578813636479,73.0,4.873699731338283,387.0,196.4
cleistenediol,-7.375,141.0,0.2784810001396965,104.0,4.766389269461679,456.0,196.6
methyl,-6.426,174.0,0.2594819874818359,115.0,4.900743427494283,346.0,196.6
benzyl,-6.736,169.0,0.2153869113840581,135.0,4.9058871543952725,342.0,196.79999999999998
benzyl,-6.736,169.0,0.3012300785221701,94.0,4.882429766539632,383.0,196.8
methyl,-6.426,174.0,0.3598775645475476,75.0,4.873699731338283,387.0,196.8
methyl,-6.426,174.0,0.2496172793210616,118.0,4.900743427494283,346.0,197.2
methyl,-6.426,174.0,0.3469478209766328,78.0,4.873699731338283,387.0,197.4
methyl,-6.426,174.0,0.2802349247737692,102.0,4.896325249645065,364.0,197.6
methyl,-6.426,174.0,0.2366568610328379,124.0,4.900743427494283,346.0,198.39999999999998
cleistenediol,-7.375,141.0,0.2359810001396964,125.0,4.788836262689561,444.0,198.4
benzyl,-6.736,169.0,0.1553869113840581,144.0,4.9058871543952725,342.0,198.6
methyl,-6.426,174.0,0.2746539649724242,109.0,4.896325249645065,364.0,199.0
methyl,-6.426,174.0,0.2321604123269207,128.0,4.900743427494283,346.0,199.2
dieporeticanin-2,-7.49,132.0,0.2384810001396964,121.0,4.7614010495514165,480.0,199.4
cleistenediol,-7.375,141.0,0.2359810001396964,125.0,4.7733258383286525,450.0,199.6
cleistenediol,-7.375,141.0,0.2209810001396964,132.0,4.788836262689561,444.0,199.8
methyl,-6.426,174.0,0.2224254165169508,131.0,4.900743427494283,346.0,199.8
cleistenediol,-7.375,141.0,0.22,133.0,4.788836262689561,444.0,200.0
benzyl,-6.736,169.0,0.0960279338617658,151.0,4.9058871543952725,342.0,200.0
methyl,-6.426,174.0,0.5038741652743562,16.0,4.765632879029674,462.0,200.0
cleistenediol,-7.375,141.0,0.2159810001396964,134.0,4.788836262689561,444.0,200.2
methyl,-6.426,174.0,0.2594819874818359,115.0,4.896325249645065,364.0,200.2
3-hydroxybenzaldehyde,-5.636,191.0,0.2085294515304404,137.0,5.037547696542547,292.0,200.4
cleistenediol,-7.375,141.0,0.2359810001396964,125.0,4.766389269461679,456.0,200.8
methyl,-6.426,174.0,0.3764485945211553,61.0,4.803154111881941,421.0,200.8
methyl,-6.426,174.0,0.2496172793210616,118.0,4.896325249645065,364.0,200.8
cleistenediol,-7.375,141.0,0.2209810001396964,132.0,4.7733258383286525,450.0,201.0
cleistenediol,-7.375,141.0,0.22,133.0,4.7733258383286525,450.0,201.2
cleistenediol,-7.375,141.0,0.2159810001396964,134.0,4.7733258383286525,450.0,201.39999999999998
methyl,-6.426,174.0,0.1793104127417383,140.0,4.900743427494283,346.0,201.59999999999997
methyl,-6.426,174.0,0.1692442282387059,141.0,4.900743427494283,346.0,201.8
methyl,-6.426,174.0,0.2366568610328379,124.0,4.896325249645065,364.0,202.0
cleistenediol,-7.375,141.0,0.2209810001396964,132.0,4.766389269461679,456.0,202.2
methyl,-6.426,174.0,0.2802349247737692,102.0,4.873699731338283,387.0,202.2
methyl,-6.426,174.0,0.1618196748943582,143.0,4.900743427494283,346.0,202.2
quebrachitol,-4.94,197.0,0.1270052015364322,149.0,5.145932829534678,271.0,202.2
cleistenediol,-7.375,141.0,0.22,133.0,4.766389269461679,456.0,202.39999999999998
cleistenediol,-7.375,141.0,0.2159810001396964,134.0,4.766389269461679,456.0,202.6
methyl,-6.426,174.0,0.2321604123269207,128.0,4.896325249645065,364.0,202.8
methyl,-6.426,174.0,0.1372444069390304,146.0,4.900743427494283,346.0,202.8
desacetyluvaricin,-7.939,113.0,0.258040823104486,116.0,4.647308450064935,560.0,203.0
methyl,-6.426,174.0,0.3664578813636479,73.0,4.803154111881941,421.0,203.2
methyl,-6.426,174.0,0.2224254165169508,131.0,4.896325249645065,364.0,203.39999999999998
methyl,-6.426,174.0,0.11,150.0,4.900743427494283,346.0,203.59999999999997
methyl,-6.426,174.0,0.3598775645475476,75.0,4.803154111881941,421.0,203.6
methyl,-6.426,174.0,0.2746539649724242,109.0,4.873699731338283,387.0,203.6
methyl,-6.426,174.0,0.0685072674267114,152.0,4.900743427494283,346.0,204.0
methyl,-6.426,174.0,0.3469478209766328,78.0,4.803154111881941,421.0,204.2
methyl,-6.426,174.0,0.5038741652743562,16.0,4.748658410874142,484.0,204.4
methyl,-6.426,174.0,0.2594819874818359,115.0,4.873699731338283,387.0,204.8
benzyl,-6.736,169.0,0.2153869113840581,135.0,4.882429766539632,383.0,205.0
methyl,-6.426,174.0,0.1793104127417383,140.0,4.896325249645065,364.0,205.2
methyl,-6.426,174.0,0.1692442282387059,141.0,4.896325249645065,364.0,205.39999999999998
methyl,-6.426,174.0,0.2496172793210616,118.0,4.873699731338283,387.0,205.4
methyl,-6.426,174.0,0.1618196748943582,143.0,4.896325249645065,364.0,205.8
methyl,-6.426,174.0,0.1372444069390304,146.0,4.896325249645065,364.0,206.39999999999998
diepoxyrollin,-7.325,144.0,0.2384810001396964,121.0,4.7614010495514165,480.0,206.6
methyl,-6.426,174.0,0.2366568610328379,124.0,4.873699731338283,387.0,206.6
benzyl,-6.736,169.0,0.1553869113840581,144.0,4.882429766539632,383.0,206.8
methyl,-6.426,174.0,0.11,150.0,4.896325249645065,364.0,207.2
methyl,-6.426,174.0,0.2321604123269207,128.0,4.873699731338283,387.0,207.4
methyl,-6.426,174.0,0.0685072674267114,152.0,4.896325249645065,364.0,207.59999999999997
methyl,-6.426,174.0,0.2224254165169508,131.0,4.873699731338283,387.0,208.0
methyl,-6.426,174.0,0.5038741652743562,16.0,4.735891530596403,502.0,208.0
benzyl,-6.736,169.0,0.0960279338617658,151.0,4.882429766539632,383.0,208.2
methyl,-6.426,174.0,0.3764485945211553,61.0,4.765632879029674,462.0,209.0
methyl,-6.426,174.0,0.2802349247737692,102.0,4.803154111881941,421.0,209.0
methyl,-6.426,174.0,0.1793104127417383,140.0,4.873699731338283,387.0,209.79999999999998
methyl,-6.426,174.0,0.1692442282387059,141.0,4.873699731338283,387.0,210.0
methyl,-6.426,174.0,0.2746539649724242,109.0,4.803154111881941,421.0,210.39999999999998
methyl,-6.426,174.0,0.1618196748943582,143.0,4.873699731338283,387.0,210.4
methyl,-6.426,174.0,0.1372444069390304,146.0,4.873699731338283,387.0,211.0
methyl,-6.426,174.0,0.3664578813636479,73.0,4.765632879029674,462.0,211.4
methyl,-6.426,174.0,0.2594819874818359,115.0,4.803154111881941,421.0,211.6
methyl,-6.426,174.0,0.5038741652743562,16.0,4.72900303984224,520.0,211.6
methyl,-6.426,174.0,0.11,150.0,4.873699731338283,387.0,211.79999999999998
methyl,-6.426,174.0,0.3598775645475476,75.0,4.765632879029674,462.0,211.8
methyl,-6.426,174.0,0.2496172793210616,118.0,4.803154111881941,421.0,212.2
methyl,-6.426,174.0,0.0685072674267114,152.0,4.873699731338283,387.0,212.2
methyl,-6.426,174.0,0.3469478209766328,78.0,4.765632879029674,462.0,212.4
dieporeticanin-1,-7.09,155.0,0.2384810001396964,121.0,4.7614010495514165,480.0,213.2
methyl,-6.426,174.0,0.2366568610328379,124.0,4.803154111881941,421.0,213.39999999999998
methyl,-6.426,174.0,0.3764485945211553,61.0,4.748658410874142,484.0,213.4
methyl,-6.426,174.0,0.2321604123269207,128.0,4.803154111881941,421.0,214.2
methyl,-6.426,174.0,0.2224254165169508,131.0,4.803154111881941,421.0,214.8
methyl,-6.426,174.0,0.5038741652743562,16.0,4.727691562486346,538.0,215.2
methyl,-6.426,174.0,0.3664578813636479,73.0,4.748658410874142,484.0,215.8
methyl,-6.426,174.0,0.3598775645475476,75.0,4.748658410874142,484.0,216.2
methyl,-6.426,174.0,0.1793104127417383,140.0,4.803154111881941,421.0,216.59999999999997
methyl,-6.426,174.0,0.1692442282387059,141.0,4.803154111881941,421.0,216.8
methyl,-6.426,174.0,0.3469478209766328,78.0,4.748658410874142,484.0,216.8
methyl,-6.426,174.0,0.3764485945211553,61.0,4.735891530596403,502.0,217.0
methyl,-6.426,174.0,0.2802349247737692,102.0,4.765632879029674,462.0,217.2
methyl,-6.426,174.0,0.1618196748943582,143.0,4.803154111881941,421.0,217.2
2-benzyloctanal,-6.205,181.0,0.1902376224516812,139.0,4.8496522974342895,406.0,217.60000000000002
methyl,-6.426,174.0,0.1372444069390304,146.0,4.803154111881941,421.0,217.8
methyl,-6.426,174.0,0.11,150.0,4.803154111881941,421.0,218.59999999999997
methyl,-6.426,174.0,0.2746539649724242,109.0,4.765632879029674,462.0,218.6
methyl,-6.426,174.0,0.0685072674267114,152.0,4.803154111881941,421.0,219.0
methyl,-6.426,174.0,0.3664578813636479,73.0,4.735891530596403,502.0,219.4
methyl,-6.426,174.0,0.3598775645475476,75.0,4.735891530596403,502.0,219.8
methyl,-6.426,174.0,0.2594819874818359,115.0,4.765632879029674,462.0,219.8
methyl,-6.426,174.0,0.2496172793210616,118.0,4.765632879029674,462.0,220.4
methyl,-6.426,174.0,0.3469478209766328,78.0,4.735891530596403,502.0,220.4
methyl,-6.426,174.0,0.3764485945211553,61.0,4.72900303984224,520.0,220.6
methyl,-6.426,174.0,0.5038741652743562,16.0,4.553310278783433,566.0,220.8
methyl,-6.426,174.0,0.2366568610328379,124.0,4.765632879029674,462.0,221.6
methyl,-6.426,174.0,0.2802349247737692,102.0,4.748658410874142,484.0,221.60000000000002
methyl,-6.426,174.0,0.2321604123269207,128.0,4.765632879029674,462.0,222.4
methyl,-6.426,174.0,0.2746539649724242,109.0,4.748658410874142,484.0,223.0
methyl,-6.426,174.0,0.3664578813636479,73.0,4.72900303984224,520.0,223.0
methyl,-6.426,174.0,0.2224254165169508,131.0,4.765632879029674,462.0,223.0
methyl,-6.426,174.0,0.3598775645475476,75.0,4.72900303984224,520.0,223.39999999999998
methyl,-6.426,174.0,0.3469478209766328,78.0,4.72900303984224,520.0,224.0
methyl,-6.426,174.0,0.3764485945211553,61.0,4.727691562486346,538.0,224.2
methyl,-6.426,174.0,0.2594819874818359,115.0,4.748658410874142,484.0,224.2
methyl,-6.426,174.0,0.1793104127417383,140.0,4.765632879029674,462.0,224.79999999999998
methyl,-6.426,174.0,0.2496172793210616,118.0,4.748658410874142,484.0,224.8
methyl,-6.426,174.0,0.5038741652743562,16.0,3.944853635976368,586.0,224.8
methyl,-6.426,174.0,0.1692442282387059,141.0,4.765632879029674,462.0,225.0
methyl,-6.426,174.0,0.2802349247737692,102.0,4.735891530596403,502.0,225.2
methyl,-6.426,174.0,0.1618196748943582,143.0,4.765632879029674,462.0,225.4
methyl,-6.426,174.0,0.2366568610328379,124.0,4.748658410874142,484.0,226.0
methyl,-6.426,174.0,0.1372444069390304,146.0,4.765632879029674,462.0,226.0
methyl,-6.426,174.0,0.2746539649724242,109.0,4.735891530596403,502.0,226.6
methyl,-6.426,174.0,0.3664578813636479,73.0,4.727691562486346,538.0,226.60000000000002
methyl,-6.426,174.0,0.11,150.0,4.765632879029674,462.0,226.79999999999998
methyl,-6.426,174.0,0.2321604123269207,128.0,4.748658410874142,484.0,226.8
methyl,-6.426,174.0,0.3598775645475476,75.0,4.727691562486346,538.0,227.0
methyl,-6.426,174.0,0.0685072674267114,152.0,4.765632879029674,462.0,227.2
methyl,-6.426,174.0,0.2224254165169508,131.0,4.748658410874142,484.0,227.4
methyl,-6.426,174.0,0.3469478209766328,78.0,4.727691562486346,538.0,227.60000000000002
methyl,-6.426,174.0,0.2594819874818359,115.0,4.735891530596403,502.0,227.8
methyl,-6.426,174.0,0.2496172793210616,118.0,4.735891530596403,502.0,228.4
methyl,-6.426,174.0,0.2802349247737692,102.0,4.72900303984224,520.0,228.8
methyl,-6.426,174.0,0.1793104127417383,140.0,4.748658410874142,484.0,229.2
methyl,-6.426,174.0,0.1692442282387059,141.0,4.748658410874142,484.0,229.4
methyl,-6.426,174.0,0.2366568610328379,124.0,4.735891530596403,502.0,229.6
methyl,-6.426,174.0,0.3764485945211553,61.0,4.553310278783433,566.0,229.8
methyl,-6.426,174.0,0.1618196748943582,143.0,4.748658410874142,484.0,229.8
methyl,-6.426,174.0,0.2746539649724242,109.0,4.72900303984224,520.0,230.2
methyl,-6.426,174.0,0.2321604123269207,128.0,4.735891530596403,502.0,230.4
methyl,-6.426,174.0,0.1372444069390304,146.0,4.748658410874142,484.0,230.4
methyl,-6.426,174.0,0.2224254165169508,131.0,4.735891530596403,502.0,231.0
methyl,-6.426,174.0,0.11,150.0,4.748658410874142,484.0,231.2
methyl,-6.426,174.0,0.2594819874818359,115.0,4.72900303984224,520.0,231.39999999999998
methyl,-6.426,174.0,0.0685072674267114,152.0,4.748658410874142,484.0,231.6
methyl,-6.426,174.0,0.2496172793210616,118.0,4.72900303984224,520.0,232.0
methyl,-6.426,174.0,0.3664578813636479,73.0,4.553310278783433,566.0,232.2
methyl,-6.426,174.0,0.2802349247737692,102.0,4.727691562486346,538.0,232.4
methyl,-6.426,174.0,0.3598775645475476,75.0,4.553310278783433,566.0,232.6
methyl,-6.426,174.0,0.1793104127417383,140.0,4.735891530596403,502.0,232.79999999999998
methyl,-6.426,174.0,0.1692442282387059,141.0,4.735891530596403,502.0,233.0
methyl,-6.426,174.0,0.2366568610328379,124.0,4.72900303984224,520.0,233.2
methyl,-6.426,174.0,0.3469478209766328,78.0,4.553310278783433,566.0,233.2
methyl,-6.426,174.0,0.1618196748943582,143.0,4.735891530596403,502.0,233.4
methyl,-6.426,174.0,0.2746539649724242,109.0,4.727691562486346,538.0,233.8
methyl,-6.426,174.0,0.3764485945211553,61.0,3.944853635976368,586.0,233.8
methyl,-6.426,174.0,0.2321604123269207,128.0,4.72900303984224,520.0,234.0
methyl,-6.426,174.0,0.1372444069390304,146.0,4.735891530596403,502.0,234.0
methyl,-6.426,174.0,0.2224254165169508,131.0,4.72900303984224,520.0,234.6
methyl,-6.426,174.0,0.11,150.0,4.735891530596403,502.0,234.79999999999998
methyl,-6.426,174.0,0.2594819874818359,115.0,4.727691562486346,538.0,235.0
methyl,-6.426,174.0,0.0685072674267114,152.0,4.735891530596403,502.0,235.2
methyl,-6.426,174.0,0.2496172793210616,118.0,4.727691562486346,538.0,235.60000000000002
methyl,-6.426,174.0,0.3664578813636479,73.0,3.944853635976368,586.0,236.2
methyl,-6.426,174.0,0.1793104127417383,140.0,4.72900303984224,520.0,236.39999999999998
methyl,-6.426,174.0,0.3598775645475476,75.0,3.944853635976368,586.0,236.6
methyl,-6.426,174.0,0.1692442282387059,141.0,4.72900303984224,520.0,236.6
methyl,-6.426,174.0,0.2366568610328379,124.0,4.727691562486346,538.0,236.8
methyl,-6.426,174.0,0.1618196748943582,143.0,4.72900303984224,520.0,237.0
methyl,-6.426,174.0,0.3469478209766328,78.0,3.944853635976368,586.0,237.2
methyl,-6.426,174.0,0.1372444069390304,146.0,4.72900303984224,520.0,237.6
methyl,-6.426,174.0,0.2321604123269207,128.0,4.727691562486346,538.0,237.60000000000002
methyl,-6.426,174.0,0.2802349247737692,102.0,4.553310278783433,566.0,238.0
methyl,-6.426,174.0,0.2224254165169508,131.0,4.727691562486346,538.0,238.2
methyl,-6.426,174.0,0.11,150.0,4.72900303984224,520.0,238.39999999999998
methyl,-6.426,174.0,0.0685072674267114,152.0,4.72900303984224,520.0,238.79999999999998
methyl,-6.426,174.0,0.2746539649724242,109.0,4.553310278783433,566.0,239.39999999999998
methyl,-6.426,174.0,0.1793104127417383,140.0,4.727691562486346,538.0,240.0
methyl,-6.426,174.0,0.1692442282387059,141.0,4.727691562486346,538.0,240.2
methyl,-6.426,174.0,0.2594819874818359,115.0,4.553310278783433,566.0,240.6
methyl,-6.426,174.0,0.1618196748943582,143.0,4.727691562486346,538.0,240.60000000000002
methyl,-6.426,174.0,0.2496172793210616,118.0,4.553310278783433,566.0,241.2
methyl,-6.426,174.0,0.1372444069390304,146.0,4.727691562486346,538.0,241.2
methyl,-6.426,174.0,0.11,150.0,4.727691562486346,538.0,242.0
methyl,-6.426,174.0,0.2802349247737692,102.0,3.944853635976368,586.0,242.0
methyl,-6.426,174.0,0.2366568610328379,124.0,4.553310278783433,566.0,242.39999999999998
methyl,-6.426,174.0,0.0685072674267114,152.0,4.727691562486346,538.0,242.39999999999998
methyl,-6.426,174.0,0.2321604123269207,128.0,4.553310278783433,566.0,243.2
methyl,-6.426,174.0,0.2746539649724242,109.0,3.944853635976368,586.0,243.39999999999998
methyl,-6.426,174.0,0.2224254165169508,131.0,4.553310278783433,566.0,243.8
methyl,-6.426,174.0,0.2594819874818359,115.0,3.944853635976368,586.0,244.6
methyl,-6.426,174.0,0.2496172793210616,118.0,3.944853635976368,586.0,245.2
methyl,-6.426,174.0,0.1793104127417383,140.0,4.553310278783433,566.0,245.59999999999997
methyl,-6.426,174.0,0.1692442282387059,141.0,4.553310278783433,566.0,245.8
methyl,-6.426,174.0,0.1618196748943582,143.0,4.553310278783433,566.0,246.2
methyl,-6.426,174.0,0.2366568610328379,124.0,3.944853635976368,586.0,246.39999999999998
methyl,-6.426,174.0,0.1372444069390304,146.0,4.553310278783433,566.0,246.8
methyl,-6.426,174.0,0.2321604123269207,128.0,3.944853635976368,586.0,247.2
methyl,-6.426,174.0,0.11,150.0,4.553310278783433,566.0,247.59999999999997
methyl,-6.426,174.0,0.2224254165169508,131.0,3.944853635976368,586.0,247.8
methyl,-6.426,174.0,0.0685072674267114,152.0,4.553310278783433,566.0,248.0
methyl,-6.426,174.0,0.1793104127417383,140.0,3.944853635976368,586.0,249.59999999999997
methyl,-6.426,174.0,0.1692442282387059,141.0,3.944853635976368,586.0,249.8
methyl,-6.426,174.0,0.1618196748943582,143.0,3.944853635976368,586.0,250.2
methyl,-6.426,174.0,0.1372444069390304,146.0,3.944853635976368,586.0,250.8
methyl,-6.426,174.0,0.11,150.0,3.944853635976368,586.0,251.59999999999997
methyl,-6.426,174.0,0.0685072674267114,152.0,3.944853635976368,586.0,252.0
stearic,-5.728,189.0,0.1329599496334079,147.0,4.668696853359881,558.0,254.39999999999998
oleic,-5.812,188.0,0.1281975720850891,148.0,4.64320087949695,561.0,254.60000000000002
stearic,-5.728,189.0,0.1329599496334079,147.0,4.600912077943804,563.0,255.39999999999998
stearic,-5.728,189.0,0.0375,153.0,4.668696853359881,558.0,255.60000000000002
oleic,-5.812,188.0,0.0125,155.0,4.64320087949695,561.0,256.0
stearic,-5.728,189.0,0.0375,153.0,4.600912077943804,563.0,256.6
oleic,-5.812,188.0,0.1281975720850891,148.0,4.518642647422561,584.0,259.20000000000005
oleic,-5.812,188.0,0.0125,155.0,4.518642647422561,584.0,260.6
hexadecanoic,-5.115,196.0,0.0375,153.0,4.600912077943804,563.0,260.8
caulindole_3,-11.277,2.0,,,,,
2_4_-dihydroxychalcone-_4-O-5_-4_2_4_-trihydroxychalcone,-11.212,3.0,,,,,
3-_1-_2_4-dihydroxyphenyl_-3_3-bis_4-hydroxyphenyl_-1-oxopropan-2,-10.934,4.0,,,,,
5alpha_8alpha-epidioxy-ergost-6_22-dien-3beta-ol,-10.787,7.0,,,,,
5-methoxy-7-phenyl-_4-methoxy-2-pyronyl,-10.501,10.0,,,,,
3-_6-_3-methyl-but-2-enyl_-1H-indolyl_-6-_3-methyl-but-2-enyl_-1H-indole,-10.399,12.0,,,,,
caulindole_2,-10.296,15.0,,,,,
caulindole_1,-10.269,16.0,,,,,
2-_3_7-dimethylocta-2_6-dienyl_-6-_7-_3_7-dimethylocta-2_6-dienyl_-5-hydroxybenzofuran-2-yl_-_1_4_benzoquinone,-10.165,18.0,,,,,
ergosta-7_22-dien-3beta-ol,-9.978,21.0,,,,,
ancistrotanzanine_2,-9.849,25.0,,,,,
ergosta-5_22-dien-3beta-ol,-9.751,26.0,,,,,
ancistrobertsonine_1,-9.552,28.0,,,,,
cleistenediol_5,-9.498,30.0,,,,,
24-methylenelanosta-7_9_11_-dien,-9.468,31.0,,,,,
ancistrotanzanine_1,-9.466,32.0,,,,,
ancistrobertsonine_3,-9.417,34.0,,,,,
cleistenediol_4,-9.34,37.0,,,,,
O_N-dimethylancistrocladine,-9.251,45.0,,,,,
pipoxide,-9.17,48.0,,,,,
ancistrobertsonine_2,-9.14,50.0,,,,,
5-hydroxy-6_8_8-trimethyl-2-phenylchromene-4_7-dione,-9.134,51.0,,,,,
trans-1_2-dihydroancistrocladisine,-9.075,56.0,,,,,
1_2-didehydroancistrobertsonine,-9.062,57.0,,,,,
epimonanthadiepoxide_1,-8.974,60.0,,,,,
5-methoxy-6_8_8-trimethyl-2-phenylchromene-4_7-dione,-8.965,61.0,,,,,
cis-1_2-dihydroancistrocladisine,-8.945,63.0,,,,,
methyl_2,-8.873,66.0,,,,,
1alpha-benzoyloxymethyl-3alpha-benzoyloxycyclohex-5-en-1beta_2beta_4beta-triol,-8.852,67.0,,,,,
schefflerin,-8.795,69.0,,,,,
isoschefflerin,-8.779,70.0,,,,,
pipoxide-2-methyl,-8.775,71.0,,,,,
R_-dihydro-2_3_-epoxyasteranthine,-8.506,77.0,,,,,
2_3_-epoxyasteranthine,-8.396,83.0,,,,,
3_5-hexalobine_1,-8.39,84.0,,,,,
3-_2_3_-dihydroxy-3_-methylbutyl_-5-_3_-methylcrotonoyl,-8.361,87.0,,,,,
toussaintine_4,-8.339,89.0,,,,,
2-hydroxy-1_7_8-trimethoxypyrene,-8.325,90.0,,,,,
1-_2E_6E_10E_-3_7_11_15-tetramethylhexadeca-2_6_10_14-tetraenyl_-2-azabicyclo_2.2.1_hept-5-en-3-one,-8.286,91.0,,,,,
2_7-dihydroxy-1_8-dimethoxypyrene,-8.284,92.0,,,,,
toussaintine_1,-8.223,93.0,,,,,
2_3_-dihydroxyasteranthine,-8.219,94.0,,,,,
crotepoxide,-8.12,99.0,,,,,
toussaintine_2,-8.115,101.0,,,,,
5_7_3_4_-tetrahydroxyflavanol,-8.082,104.0,,,,,
S_-dihydro-2_3_-epoxyasteranthine,-8.076,106.0,,,,,
4-_3-_1_1-dimethyl-but-2-enyl_-1H-indol-5-yl_-but-3-en-2-one,-8.057,107.0,,,,,
toussaintine_3,-8.003,109.0,,,,,
toussaintine_5,-7.949,111.0,,,,,
methyl_3,-7.947,112.0,,,,,
3-_1_1-dimethyl-but-2-enyl_-5-_3-methyl-but-2-enyl_-1H-indole,-7.917,115.0,,,,,
3_5-hexalobine,-7.789,117.0,,,,,
1S_4S_5S_6R_-5-_benzyloxy,-7.778,118.0,,,,,
cleistodienol_1,-7.723,119.0,,,,,
cleistenediol_3,-7.697,121.0,,,,,
5-_2_3_-epoxy-3_-methylbutyl_-3-_3_-hydroxy-3_-methyl-1_-acetyloxy-but-2_-yl_indole,-7.694,122.0,,,,,
7-_3_7-dimethylocta-2_6-dienyl_-5-hydroxy-3H-benzofuran-2-one,-7.691,123.0,,,,,
octahydro-3_8_8-trimethyl-6-methylene-1H-3a_7-methanoazulen-5-ol,-7.643,125.0,,,,,
cleistenediol_2,-7.601,127.0,,,,,
toussaintine_6,-7.528,129.0,,,,,
6-_3-methyl-but-enyl_-1_3-dihydroindol-2-one,-7.453,133.0,,,,,
3_5_-diformyl-2_4_6_-trihydroxychalcone,-7.446,135.0,,,,,
cleistenechlorohydrin_1,-7.436,136.0,,,,,
3_5_-dimethyl-2_4_6_-trihydroxychalcone,-7.396,138.0,,,,,
caryophyllene_1,-7.386,140.0,,,,,
cleistenediol_1,-7.369,142.0,,,,,
6-styryl-7_8-epoxy-4-methoxypyran-2-one,-7.35,143.0,,,,,
platambin-1_6-dione,-7.26,146.0,,,,,
5-_3-methylbut-2-enyl_-1H-indole,-7.253,147.0,,,,,
6-styryl-7_8-dihydroxy-4,-7.229,148.0,,,,,
E_-5-_3-methylbuta-1_3-dienyl_-1H-indole,-7.132,151.0,,,,,
6-styryl-7_8-dihydroxy-4_1,-7.109,154.0,,,,,
2_5-dihydroxybenzyl,-7.035,156.0,,,,,
11-hydroxyguaia-4_6-diene,-7.033,157.0,,,,,
16-acetoxy-11-hydroxyoctadeca-17-ene-12_14-diynyl,-6.95,158.0,,,,,
3-_Z_-heptadec-13,-6.894,161.0,,,,,
S_-MTPA-ester,-6.854,162.0,,,,,
6-_3-methyl-2-butenyl_-1H-indole,-6.798,165.0,,,,,
6-_3-methylbuta-1_3-dienyl_-1H-indole,-6.743,168.0,,,,,
methyl_1,-6.584,170.0,,,,,
6-_4-oxo-but-2-enyl_-1H-indole,-6.539,171.0,,,,,
17_18-dihydroxyoctadeca-9_11_13_15-tetraynoic,-6.538,172.0,,,,,
6-isopropenyl-2-isopropyl-5-methyl,-6.443,173.0,,,,,
benzyl_1,-6.398,175.0,,,,,
schweinfurthin_1,-6.384,176.0,,,,,
18-hydroxyoctadeca-9_11_13_15-tetraynoic,-6.343,177.0,,,,,
2-_o-methylphenyl_-6-methyl-5-hepten-2-ol,-6.293,178.0,,,,,
R_-MTPA-ester,-6.286,180.0,,,,,
8-hydroxyheptadeca-4_6-diyn-3-yl,-6.191,182.0,,,,,
methyl_4,-6.013,183.0,,,,,
Z_-7-octadecen-9-ynoic,-5.976,184.0,,,,,
8-hydroxyheptadeca-1-ene-4_6-diyn-3-yl,-5.903,186.0,,,,,
3-isopropyl-2_4-dimethoxy-6-methylene-cyclohexa-2_4-dienone,-5.697,190.0,,,,,
3_4-dihydroxybenzoic,-5.542,192.0,,,,,
cyclohexane-1_2_4_5-tetrol,-5.485,193.0,,,,,
3_4_5-trimethoxyphenol,-5.334,194.0,,,,,
schefflone,-4.207,200.0,,,,,
